Order,Sample.name,Sex,Phase,Sample,Tank,Plate,ILLRAD.barcode,ILLRAD.barcode.sequence,3ill.barcode,3ill.barcode.sequence
1,GREEN.G2,M,2,,,Adult,ILL-RAD83,GGGTGC,3illBC1,ACACNN
2,BLUE.E2,M,2,,,Adult,ILL-RAD83,GGGTGC,3illBC2,GTCTNN
3,PURPLE.D2,M,2,,,Adult,ILL-RAD83,GGGTGC,3illBC3,TGGTNN
4,YELLOW.G2,M,2,,,Adult,ILL-RAD83,GGGTGC,3illBC4,CACTNN
5,ORANGE.C2,F,2,,,Adult,ILL-RAD83,GGGTGC,3illBC5,GATGNN
6,YELLOW.F2,M,2,,,Adult,ILL-RAD83,GGGTGC,3illBC6,TCACNN
7,TEAL.G2,F,2,,,Adult,ILL-RAD83,GGGTGC,3illBC7,CTGANN
8,BLACK.D2,M,2,,,Adult,ILL-RAD83,GGGTGC,3illBC8,AAGCNN
9,BLUE.B2,M,2,,,Adult,ILL-RAD83,GGGTGC,3illBC9,GTAGNN
10,GREEN.I5B,F,1,,,Adult,ILL-RAD83,GGGTGC,3illBC10,GACANN
11,GREY.I4B,M,1,,,Adult,ILL-RAD83,GGGTGC,3illBC11,GTGANN
12,BLACK.B5A,M,1,,,Adult,ILL-RAD83,GGGTGC,3illBC12,AGTCNN
13,BLUE.G2,M,2,,,Adult,ILL-RAD84,TCCTGC,3illBC1,ACACNN
14,PURPLE.F2,M,2,,,Adult,ILL-RAD84,TCCTGC,3illBC2,GTCTNN
15,CLEAR.C2,F,2,,,Adult,ILL-RAD84,TCCTGC,3illBC3,TGGTNN
16,BLACK.F2,M,2,,,Adult,ILL-RAD84,TCCTGC,3illBC4,CACTNN
17,TEAL.D2,F,2,,,Adult,ILL-RAD84,TCCTGC,3illBC5,GATGNN
18,TAN.G2,F,2,,,Adult,ILL-RAD84,TCCTGC,3illBC6,TCACNN
19,GREEN.D2,M,2,,,Adult,ILL-RAD84,TCCTGC,3illBC7,CTGANN
20,YELLOW.C2,M,2,,,Adult,ILL-RAD84,TCCTGC,3illBC8,AAGCNN
21,BROWN.C2,M,2,,,Adult,ILL-RAD84,TCCTGC,3illBC9,GTAGNN
22,RED.I5B,F,1,,,Adult,ILL-RAD84,TCCTGC,3illBC10,GACANN
23,BROWN.B5B,F,1,,,Adult,ILL-RAD84,TCCTGC,3illBC11,GTGANN
24,BLUE.I5A,F,1,,,Adult,ILL-RAD84,TCCTGC,3illBC12,AGTCNN
25,LIGHTPURPLE.G2,F,2,,,Adult,ILL-RAD85,CGCGGC,3illBC1,ACACNN
26,CLEAR.G2,F,2,,,Adult,ILL-RAD85,CGCGGC,3illBC2,GTCTNN
27,GREEN.C2,M,2,,,Adult,ILL-RAD85,CGCGGC,3illBC3,TGGTNN
28,ORANGE.D2,F,2,,,Adult,ILL-RAD85,CGCGGC,3illBC4,CACTNN
29,ORANGE.G2,F,2,,,Adult,ILL-RAD85,CGCGGC,3illBC5,GATGNN
30,WHITE.G2,M,2,,,Adult,ILL-RAD85,CGCGGC,3illBC6,TCACNN
31,PURPLE.C2,M,2,,,Adult,ILL-RAD85,CGCGGC,3illBC7,CTGANN
32,ORANGE.B2,F,2,,,Adult,ILL-RAD85,CGCGGC,3illBC8,AAGCNN
33,GREY.G2,F,2,,,Adult,ILL-RAD85,CGCGGC,3illBC9,GTAGNN
34,PINK.I4C,F,1,,,Adult,ILL-RAD85,CGCGGC,3illBC10,GACANN
35,GREY.I5B,M,1,,,Adult,ILL-RAD85,CGCGGC,3illBC11,GTGANN
36,YELLOW.I4A,F,1,,,Adult,ILL-RAD85,CGCGGC,3illBC12,AGTCNN
37,BROWN.D2,M,2,,,Adult,ILL-RAD86,ACCGCC,3illBC1,ACACNN
38,YELLOW.D2,M,2,,,Adult,ILL-RAD86,ACCGCC,3illBC2,GTCTNN
39,LIGHTBLUE.B2,F,2,,,Adult,ILL-RAD86,ACCGCC,3illBC3,TGGTNN
40,BLUE.F2,M,2,,,Adult,ILL-RAD86,ACCGCC,3illBC4,CACTNN
41,BROWN.G2,M,2,,,Adult,ILL-RAD86,ACCGCC,3illBC5,GATGNN
42,RED.D2,M,2,,,Adult,ILL-RAD86,ACCGCC,3illBC6,TCACNN
43,GREY.B2,F,2,,,Adult,ILL-RAD86,ACCGCC,3illBC7,CTGANN
44,BLACK.G2,M,2,,,Adult,ILL-RAD86,ACCGCC,3illBC8,AAGCNN
45,RED.F2,M,2,,,Adult,ILL-RAD86,ACCGCC,3illBC9,GTAGNN
46,WHITE.I4C,M,1,,,Adult,ILL-RAD86,ACCGCC,3illBC10,GACANN
47,BLACK.I4A,M,1,,,Adult,ILL-RAD86,ACCGCC,3illBC11,GTGANN
48,YELLOW.B5A,F,1,,,Adult,ILL-RAD86,ACCGCC,3illBC12,AGTCNN
49,TEAL.C2,F,2,,,Adult,ILL-RAD87,TAATAC,3illBC1,ACACNN
50,BLUE.C2,M,2,,,Adult,ILL-RAD87,TAATAC,3illBC2,GTCTNN
51,RED.E2,M,2,,,Adult,ILL-RAD87,TAATAC,3illBC3,TGGTNN
52,CLEAR.F2,F,2,,,Adult,ILL-RAD87,TAATAC,3illBC4,CACTNN
53,WHITE.D2,M,2,,,Adult,ILL-RAD87,TAATAC,3illBC5,GATGNN
54,GREY.C2,F,2,,,Adult,ILL-RAD87,TAATAC,3illBC6,TCACNN
55,RED.B2,M,2,,,Adult,ILL-RAD87,TAATAC,3illBC7,CTGANN
56,PURPLE.G2,M,2,,,Adult,ILL-RAD87,TAATAC,3illBC8,AAGCNN
57,ORANGE.F2,F,2,,,Adult,ILL-RAD87,TAATAC,3illBC9,GTAGNN
58,PURPLE.I5A,F,1,,,Adult,ILL-RAD87,TAATAC,3illBC10,GACANN
59,RED.I4B,F,1,,,Adult,ILL-RAD87,TAATAC,3illBC11,GTGANN
60,PINK.B4C,F,1,,,Adult,ILL-RAD87,TAATAC,3illBC12,AGTCNN
61,BLACK.C2,M,2,,,Adult,ILL-RAD88,CACGTA,3illBC1,ACACNN
62,WHITE.B2,M,2,,,Adult,ILL-RAD88,CACGTA,3illBC2,GTCTNN
63,TAN.C2,F,2,,,Adult,ILL-RAD88,CACGTA,3illBC3,TGGTNN
64,BROWN.E2,M,2,,,Adult,ILL-RAD88,CACGTA,3illBC4,CACTNN
65,LIGHTBLUE.C2,F,2,,,Adult,ILL-RAD88,CACGTA,3illBC5,GATGNN
66,BROWN.B2,M,2,,,Adult,ILL-RAD88,CACGTA,3illBC6,TCACNN
67,GREY.E2,F,2,,,Adult,ILL-RAD88,CACGTA,3illBC7,CTGANN
68,GREEN.F2,M,2,,,Adult,ILL-RAD88,CACGTA,3illBC8,AAGCNN
69,PURPLE.E2,M,2,,,Adult,ILL-RAD88,CACGTA,3illBC9,GTAGNN
70,BLUE.I4A,F,1,,,Adult,ILL-RAD88,CACGTA,3illBC10,GACANN
71,PURPLE.I4A,F,1,,,Adult,ILL-RAD88,CACGTA,3illBC11,GTGANN
72,WHITE.B4C,M,1,,,Adult,ILL-RAD88,CACGTA,3illBC12,AGTCNN
73,PURPLE.B2,M,2,,,Adult,ILL-RAD89,ATGTGA,3illBC1,ACACNN
74,CLEAR.E2,F,2,,,Adult,ILL-RAD89,ATGTGA,3illBC2,GTCTNN
75,RED.C2,M,2,,,Adult,ILL-RAD89,ATGTGA,3illBC3,TGGTNN
76,BLACK.B2,M,2,,,Adult,ILL-RAD89,ATGTGA,3illBC4,CACTNN
77,YELLOW.B2,M,2,,,Adult,ILL-RAD89,ATGTGA,3illBC5,GATGNN
78,LIGHTBLUE.E2,F,2,,,Adult,ILL-RAD89,ATGTGA,3illBC6,TCACNN
79,WHITE.F2,M,2,,,Adult,ILL-RAD89,ATGTGA,3illBC7,CTGANN
80,YELLOW_A.E2,M,2,,,Adult,ILL-RAD89,ATGTGA,3illBC8,AAGCNN
81,GREEN_A.B2,M,2,,,Adult,ILL-RAD89,ATGTGA,3illBC9,GTAGNN
82,GREY_A.B5B,M,1,,,Adult,ILL-RAD89,ATGTGA,3illBC10,GACANN
83,BLACK_A.I5A,M,1,,,Adult,ILL-RAD89,ATGTGA,3illBC11,GTGANN
84,BLUE_A.B5A,F,1,,,Adult,ILL-RAD89,ATGTGA,3illBC12,AGTCNN
85,PINK.E2,F,2,,,Adult,ILL-RAD90,TATAGA,3illBC1,ACACNN
86,GREEN.E2,M,2,,,Adult,ILL-RAD90,TATAGA,3illBC2,GTCTNN
87,WHITE.E2,M,2,,,Adult,ILL-RAD90,TATAGA,3illBC3,TGGTNN
88,WHITE.C2,M,2,,,Adult,ILL-RAD90,TATAGA,3illBC4,CACTNN
89,BLACK.E2,M,2,,,Adult,ILL-RAD90,TATAGA,3illBC5,GATGNN
90,BROWN.F2,M,2,,,Adult,ILL-RAD90,TATAGA,3illBC6,TCACNN
91,RED.G2,M,2,,,Adult,ILL-RAD90,TATAGA,3illBC7,CTGANN
92,YELLOW_B.E2,M,2,,,Adult,ILL-RAD90,TATAGA,3illBC8,AAGCNN
93,GREEN_B.B2,M,2,,,Adult,ILL-RAD90,TATAGA,3illBC9,GTAGNN
94,GREY_B.B5B,M,1,,,Adult,ILL-RAD90,TATAGA,3illBC10,GACANN
95,BLACK_B.I5A,M,1,,,Adult,ILL-RAD90,TATAGA,3illBC11,GTGANN
96,BLUE_B.B5A,F,1,,,Adult,ILL-RAD90,TATAGA,3illBC12,AGTCNN
97,E2.GREY.7.27,B,2,,,Brood,ILL-RAD91,TTTGCA,3illBC1,ACACNN
98,C2.GREY.7.26,B,2,,,Brood,ILL-RAD91,TTTGCA,3illBC2,GTCTNN
99,G2.LIGHTPURPLE.7.10,B,2,,,Brood,ILL-RAD91,TTTGCA,3illBC3,TGGTNN
100,D2.TEAL.8.24,B,2,,,Brood,ILL-RAD91,TTTGCA,3illBC4,CACTNN
101,F2.CLEAR.8.17,B,2,,,Brood,ILL-RAD91,TTTGCA,3illBC5,GATGNN
102,C2.TEAL.8.5,B,2,,,Brood,ILL-RAD91,TTTGCA,3illBC6,TCACNN
103,G2.TAN.7.27,B,2,,,Brood,ILL-RAD91,TTTGCA,3illBC7,CTGANN
104,I5B.GREEN.7.31,B,1,,,Brood,ILL-RAD91,TTTGCA,3illBC8,AAGCNN
105,B5B.BROWN.7.31,B,1,,,Brood,ILL-RAD91,TTTGCA,3illBC9,GTAGNN
106,B5A.YELLOW.7.6,B,1,,,Brood,ILL-RAD91,TTTGCA,3illBC10,GACANN
107,I5A.BLUE.6.7,B,1,,,Brood,ILL-RAD91,TTTGCA,3illBC11,GTGANN
108,B5B.BROWN.6.7,B,1,,,Brood,ILL-RAD91,TTTGCA,3illBC12,AGTCNN
109,E2.LIGHTBLUE.7.27,B,2,,,Brood,ILL-RAD92,GTGCCA,3illBC1,ACACNN
110,F2.ORANGE.7.26,B,2,,,Brood,ILL-RAD92,GTGCCA,3illBC2,GTCTNN
111,B2.ORANGE.7.10,B,2,,,Brood,ILL-RAD92,GTGCCA,3illBC3,TGGTNN
112,D2.ORANGE.8.24,B,2,,,Brood,ILL-RAD92,GTGCCA,3illBC4,CACTNN
113,E2.PINK.8.17,B,2,,,Brood,ILL-RAD92,GTGCCA,3illBC5,GATGNN
114,C2.CLEAR.8.5,B,2,,,Brood,ILL-RAD92,GTGCCA,3illBC6,TCACNN
115,G2.TEAL.7.27,B,2,,,Brood,ILL-RAD92,GTGCCA,3illBC7,CTGANN
116,I5B.RED.7.31,B,1,,,Brood,ILL-RAD92,GTGCCA,3illBC8,AAGCNN
117,B5A.BLUE.7.31,B,1,,,Brood,ILL-RAD92,GTGCCA,3illBC9,GTAGNN
118,I4B.RED.6.19,B,1,,,Brood,ILL-RAD92,GTGCCA,3illBC10,GACANN
119,I4C.PINK.6.7,B,1,,,Brood,ILL-RAD92,GTGCCA,3illBC11,GTGANN
120,B4C.PINK.6.7,B,1,,,Brood,ILL-RAD92,GTGCCA,3illBC12,AGTCNN
121,C2.ORANGE.7.26,B,2,,,Brood,ILL-RAD93,CTAACA,3illBC1,ACACNN
122,B2.GREY.7.12,B,2,,,Brood,ILL-RAD93,CTAACA,3illBC2,GTCTNN
123,D2.LIGHTBLUE.6.23,B,2,,,Brood,ILL-RAD93,CTAACA,3illBC3,TGGTNN
124,B2.ORANGE.8.24,B,2,,,Brood,ILL-RAD93,CTAACA,3illBC4,CACTNN
125,E2.CLEAR.8.17,B,2,,,Brood,ILL-RAD93,CTAACA,3illBC5,GATGNN
126,C2.LIGHTBLUE.8.5_A,B,2,,,Brood,ILL-RAD93,CTAACA,3illBC6,TCACNN
127,G2.GREY.7.27_A,B,2,,,Brood,ILL-RAD93,CTAACA,3illBC7,CTGANN
128,I4B.RED.7.31_A,B,1,,,Brood,ILL-RAD93,CTAACA,3illBC8,AAGCNN
129,I4A.YELLOW.7.6_A,B,1,,,Brood,ILL-RAD93,CTAACA,3illBC9,GTAGNN
130,I4A.PURPLE.6.14_A,B,1,,,Brood,ILL-RAD93,CTAACA,3illBC10,GACANN
131,I4A.BLUE.6.7_A,B,1,,,Brood,ILL-RAD93,CTAACA,3illBC11,GTGANN
132,I5A.PURPLE.5.27_A,B,1,,,Brood,ILL-RAD93,CTAACA,3illBC12,AGTCNN
133,C2.TAN.7.26,B,2,,,Brood,ILL-RAD94,ATAGAA,3illBC1,ACACNN
134,B2.LIGHTBLUE.7.10,B,2,,,Brood,ILL-RAD94,ATAGAA,3illBC2,GTCTNN
135,E2.CLEAR.6.23,B,2,,,Brood,ILL-RAD94,ATAGAA,3illBC3,TGGTNN
136,G2.ORANGE.8.23,B,2,,,Brood,ILL-RAD94,ATAGAA,3illBC4,CACTNN
137,G2.CLEAR.8.17,B,2,,,Brood,ILL-RAD94,ATAGAA,3illBC5,GATGNN
138,C2.LIGHTBLUE.8.5_B,B,2,,,Brood,ILL-RAD94,ATAGAA,3illBC6,TCACNN
139,G2.GREY.7.27_B,B,2,,,Brood,ILL-RAD94,ATAGAA,3illBC7,CTGANN
140,I4B.RED.7.31_B,B,1,,,Brood,ILL-RAD94,ATAGAA,3illBC8,AAGCNN
141,I4A.YELLOW.7.6_B,B,1,,,Brood,ILL-RAD94,ATAGAA,3illBC9,GTAGNN
142,I4A.PURPLE.6.14_B,B,1,,,Brood,ILL-RAD94,ATAGAA,3illBC10,GACANN
143,I4A.BLUE.6.7_B,B,1,,,Brood,ILL-RAD94,ATAGAA,3illBC11,GTGANN
144,I5A.PURPLE.5.27_B,B,1,,,Brood,ILL-RAD94,ATAGAA,3illBC12,AGTCNN
