"","File.name","Order","Sample.name","Sex","Phase","Plate","ILLRAD.barcode","ILLRAD.barcode.sequence","X3ill.barcode","X3ill.barcode.sequence","Brood.date","Sample","Tank","ILLRAD.barcode.sequence.RC","X3ill.barcode.sequence.RC","ILLRAD.barcode.lane.number","File.name.ind"
"1","GCACCC_S49_ACCA.trim.bt2.bam",3,"PURPLE.D2","M",2,"Adult","ILL-RAD83","GGGTGC","3illBC3","TGGTNN",NA,"PURPLE","D2","GCACCC","ACCA","S49","ind0TotDepth"
"2","GCACCC_S49_AGAC.trim.bt2.bam",2,"BLUE.E2","M",2,"Adult","ILL-RAD83","GGGTGC","3illBC2","GTCTNN",NA,"BLUE","E2","GCACCC","AGAC","S49","ind1TotDepth"
"3","GCACCC_S49_AGTG.trim.bt2.bam",4,"YELLOW.G2","M",2,"Adult","ILL-RAD83","GGGTGC","3illBC4","CACTNN",NA,"YELLOW","G2","GCACCC","AGTG","S49","ind2TotDepth"
"4","GCACCC_S49_CATC.trim.bt2.bam",5,"ORANGE.C2","F",2,"Adult","ILL-RAD83","GGGTGC","3illBC5","GATGNN",NA,"ORANGE","C2","GCACCC","CATC","S49","ind3TotDepth"
"5","GCACCC_S49_CTAC.trim.bt2.bam",9,"BLUE.B2","M",2,"Adult","ILL-RAD83","GGGTGC","3illBC9","GTAGNN",NA,"BLUE","B2","GCACCC","CTAC","S49","ind4TotDepth"
"6","GCACCC_S49_GACT.trim.bt2.bam",12,"BLACK.B5A","M",1,"Adult","ILL-RAD83","GGGTGC","3illBC12","AGTCNN",NA,"BLACK","B5A","GCACCC","GACT","S49","ind5TotDepth"
"7","GCACCC_S49_GCTT.trim.bt2.bam",8,"BLACK.D2","M",2,"Adult","ILL-RAD83","GGGTGC","3illBC8","AAGCNN",NA,"BLACK","D2","GCACCC","GCTT","S49","ind6TotDepth"
"8","GCACCC_S49_GTGA.trim.bt2.bam",6,"YELLOW.F2","M",2,"Adult","ILL-RAD83","GGGTGC","3illBC6","TCACNN",NA,"YELLOW","F2","GCACCC","GTGA","S49","ind7TotDepth"
"9","GCACCC_S49_GTGT.trim.bt2.bam",1,"GREEN.G2","M",2,"Adult","ILL-RAD83","GGGTGC","3illBC1","ACACNN",NA,"GREEN","G2","GCACCC","GTGT","S49","ind8TotDepth"
"10","GCACCC_S49_TCAC.trim.bt2.bam",11,"GREY.I4B","M",1,"Adult","ILL-RAD83","GGGTGC","3illBC11","GTGANN",NA,"GREY","I4B","GCACCC","TCAC","S49","ind9TotDepth"
"11","GCACCC_S49_TCAG.trim.bt2.bam",7,"TEAL.G2","F",2,"Adult","ILL-RAD83","GGGTGC","3illBC7","CTGANN",NA,"TEAL","G2","GCACCC","TCAG","S49","ind10TotDepth"
"12","GCACCC_S49_TGTC.trim.bt2.bam",10,"GREEN.I5B","F",1,"Adult","ILL-RAD83","GGGTGC","3illBC10","GACANN",NA,"GREEN","I5B","GCACCC","TGTC","S49","ind11TotDepth"
"13","GCAGGA_S50_ACCA.trim.bt2.bam",15,"CLEAR.C2","F",2,"Adult","ILL-RAD84","TCCTGC","3illBC3","TGGTNN",NA,"CLEAR","C2","GCAGGA","ACCA","S50","ind12TotDepth"
"14","GCAGGA_S50_AGAC.trim.bt2.bam",14,"PURPLE.F2","M",2,"Adult","ILL-RAD84","TCCTGC","3illBC2","GTCTNN",NA,"PURPLE","F2","GCAGGA","AGAC","S50","ind13TotDepth"
"15","GCAGGA_S50_AGTG.trim.bt2.bam",16,"BLACK.F2","M",2,"Adult","ILL-RAD84","TCCTGC","3illBC4","CACTNN",NA,"BLACK","F2","GCAGGA","AGTG","S50","ind14TotDepth"
"16","GCAGGA_S50_CATC.trim.bt2.bam",17,"TEAL.D2","F",2,"Adult","ILL-RAD84","TCCTGC","3illBC5","GATGNN",NA,"TEAL","D2","GCAGGA","CATC","S50","ind15TotDepth"
"17","GCAGGA_S50_CTAC.trim.bt2.bam",21,"BROWN.C2","M",2,"Adult","ILL-RAD84","TCCTGC","3illBC9","GTAGNN",NA,"BROWN","C2","GCAGGA","CTAC","S50","ind16TotDepth"
"18","GCAGGA_S50_GACT.trim.bt2.bam",24,"BLUE.I5A","F",1,"Adult","ILL-RAD84","TCCTGC","3illBC12","AGTCNN",NA,"BLUE","I5A","GCAGGA","GACT","S50","ind17TotDepth"
"19","GCAGGA_S50_GCTT.trim.bt2.bam",20,"YELLOW.C2","M",2,"Adult","ILL-RAD84","TCCTGC","3illBC8","AAGCNN",NA,"YELLOW","C2","GCAGGA","GCTT","S50","ind18TotDepth"
"20","GCAGGA_S50_GTGA.trim.bt2.bam",18,"TAN.G2","F",2,"Adult","ILL-RAD84","TCCTGC","3illBC6","TCACNN",NA,"TAN","G2","GCAGGA","GTGA","S50","ind19TotDepth"
"21","GCAGGA_S50_GTGT.trim.bt2.bam",13,"BLUE.G2","M",2,"Adult","ILL-RAD84","TCCTGC","3illBC1","ACACNN",NA,"BLUE","G2","GCAGGA","GTGT","S50","ind20TotDepth"
"22","GCAGGA_S50_TCAC.trim.bt2.bam",23,"BROWN.B5B","F",1,"Adult","ILL-RAD84","TCCTGC","3illBC11","GTGANN",NA,"BROWN","B5B","GCAGGA","TCAC","S50","ind21TotDepth"
"23","GCAGGA_S50_TCAG.trim.bt2.bam",19,"GREEN.D2","M",2,"Adult","ILL-RAD84","TCCTGC","3illBC7","CTGANN",NA,"GREEN","D2","GCAGGA","TCAG","S50","ind22TotDepth"
"24","GCAGGA_S50_TGTC.trim.bt2.bam",22,"RED.I5B","F",1,"Adult","ILL-RAD84","TCCTGC","3illBC10","GACANN",NA,"RED","I5B","GCAGGA","TGTC","S50","ind23TotDepth"
"25","GCCGCG_S51_ACCA.trim.bt2.bam",27,"GREEN.C2","M",2,"Adult","ILL-RAD85","CGCGGC","3illBC3","TGGTNN",NA,"GREEN","C2","GCCGCG","ACCA","S51","ind24TotDepth"
"26","GCCGCG_S51_AGAC.trim.bt2.bam",26,"CLEAR.G2","F",2,"Adult","ILL-RAD85","CGCGGC","3illBC2","GTCTNN",NA,"CLEAR","G2","GCCGCG","AGAC","S51","ind25TotDepth"
"27","GCCGCG_S51_AGTG.trim.bt2.bam",28,"ORANGE.D2","F",2,"Adult","ILL-RAD85","CGCGGC","3illBC4","CACTNN",NA,"ORANGE","D2","GCCGCG","AGTG","S51","ind26TotDepth"
"28","GCCGCG_S51_CATC.trim.bt2.bam",29,"ORANGE.G2","F",2,"Adult","ILL-RAD85","CGCGGC","3illBC5","GATGNN",NA,"ORANGE","G2","GCCGCG","CATC","S51","ind27TotDepth"
"29","GCCGCG_S51_CTAC.trim.bt2.bam",33,"GREY.G2","F",2,"Adult","ILL-RAD85","CGCGGC","3illBC9","GTAGNN",NA,"GREY","G2","GCCGCG","CTAC","S51","ind28TotDepth"
"30","GCCGCG_S51_GACT.trim.bt2.bam",36,"YELLOW.I4A","F",1,"Adult","ILL-RAD85","CGCGGC","3illBC12","AGTCNN",NA,"YELLOW","I4A","GCCGCG","GACT","S51","ind29TotDepth"
"31","GCCGCG_S51_GCTT.trim.bt2.bam",32,"ORANGE.B2","F",2,"Adult","ILL-RAD85","CGCGGC","3illBC8","AAGCNN",NA,"ORANGE","B2","GCCGCG","GCTT","S51","ind30TotDepth"
"32","GCCGCG_S51_GTGA.trim.bt2.bam",30,"WHITE.G2","M",2,"Adult","ILL-RAD85","CGCGGC","3illBC6","TCACNN",NA,"WHITE","G2","GCCGCG","GTGA","S51","ind31TotDepth"
"33","GCCGCG_S51_GTGT.trim.bt2.bam",25,"LIGHTPURPLE.G2","F",2,"Adult","ILL-RAD85","CGCGGC","3illBC1","ACACNN",NA,"LIGHTPURPLE","G2","GCCGCG","GTGT","S51","ind32TotDepth"
"34","GCCGCG_S51_TCAC.trim.bt2.bam",35,"GREY.I5B","M",1,"Adult","ILL-RAD85","CGCGGC","3illBC11","GTGANN",NA,"GREY","I5B","GCCGCG","TCAC","S51","ind33TotDepth"
"35","GCCGCG_S51_TCAG.trim.bt2.bam",31,"PURPLE.C2","M",2,"Adult","ILL-RAD85","CGCGGC","3illBC7","CTGANN",NA,"PURPLE","C2","GCCGCG","TCAG","S51","ind34TotDepth"
"36","GCCGCG_S51_TGTC.trim.bt2.bam",34,"PINK.I4C","F",1,"Adult","ILL-RAD85","CGCGGC","3illBC10","GACANN",NA,"PINK","I4C","GCCGCG","TGTC","S51","ind35TotDepth"
"37","GGCGGT_S52_ACCA.trim.bt2.bam",39,"LIGHTBLUE.B2","F",2,"Adult","ILL-RAD86","ACCGCC","3illBC3","TGGTNN",NA,"LIGHTBLUE","B2","GGCGGT","ACCA","S52","ind36TotDepth"
"38","GGCGGT_S52_AGAC.trim.bt2.bam",38,"YELLOW.D2","M",2,"Adult","ILL-RAD86","ACCGCC","3illBC2","GTCTNN",NA,"YELLOW","D2","GGCGGT","AGAC","S52","ind37TotDepth"
"39","GGCGGT_S52_AGTG.trim.bt2.bam",40,"BLUE.F2","M",2,"Adult","ILL-RAD86","ACCGCC","3illBC4","CACTNN",NA,"BLUE","F2","GGCGGT","AGTG","S52","ind38TotDepth"
"40","GGCGGT_S52_CATC.trim.bt2.bam",41,"BROWN.G2","M",2,"Adult","ILL-RAD86","ACCGCC","3illBC5","GATGNN",NA,"BROWN","G2","GGCGGT","CATC","S52","ind39TotDepth"
"41","GGCGGT_S52_CTAC.trim.bt2.bam",45,"RED.F2","M",2,"Adult","ILL-RAD86","ACCGCC","3illBC9","GTAGNN",NA,"RED","F2","GGCGGT","CTAC","S52","ind40TotDepth"
"42","GGCGGT_S52_GACT.trim.bt2.bam",48,"YELLOW.B5A","F",1,"Adult","ILL-RAD86","ACCGCC","3illBC12","AGTCNN",NA,"YELLOW","B5A","GGCGGT","GACT","S52","ind41TotDepth"
"43","GGCGGT_S52_GCTT.trim.bt2.bam",44,"BLACK.G2","M",2,"Adult","ILL-RAD86","ACCGCC","3illBC8","AAGCNN",NA,"BLACK","G2","GGCGGT","GCTT","S52","ind42TotDepth"
"44","GGCGGT_S52_GTGA.trim.bt2.bam",42,"RED.D2","M",2,"Adult","ILL-RAD86","ACCGCC","3illBC6","TCACNN",NA,"RED","D2","GGCGGT","GTGA","S52","ind43TotDepth"
"45","GGCGGT_S52_GTGT.trim.bt2.bam",37,"BROWN.D2","M",2,"Adult","ILL-RAD86","ACCGCC","3illBC1","ACACNN",NA,"BROWN","D2","GGCGGT","GTGT","S52","ind44TotDepth"
"46","GGCGGT_S52_TCAC.trim.bt2.bam",47,"BLACK.I4A","M",1,"Adult","ILL-RAD86","ACCGCC","3illBC11","GTGANN",NA,"BLACK","I4A","GGCGGT","TCAC","S52","ind45TotDepth"
"47","GGCGGT_S52_TCAG.trim.bt2.bam",43,"GREY.B2","F",2,"Adult","ILL-RAD86","ACCGCC","3illBC7","CTGANN",NA,"GREY","B2","GGCGGT","TCAG","S52","ind46TotDepth"
"48","GGCGGT_S52_TGTC.trim.bt2.bam",46,"WHITE.I4C","M",1,"Adult","ILL-RAD86","ACCGCC","3illBC10","GACANN",NA,"WHITE","I4C","GGCGGT","TGTC","S52","ind47TotDepth"
"49","GTATTA_S53_ACCA.trim.bt2.bam",51,"RED.E2","M",2,"Adult","ILL-RAD87","TAATAC","3illBC3","TGGTNN",NA,"RED","E2","GTATTA","ACCA","S53","ind48TotDepth"
"50","GTATTA_S53_AGAC.trim.bt2.bam",50,"BLUE.C2","M",2,"Adult","ILL-RAD87","TAATAC","3illBC2","GTCTNN",NA,"BLUE","C2","GTATTA","AGAC","S53","ind49TotDepth"
"51","GTATTA_S53_AGTG.trim.bt2.bam",52,"CLEAR.F2","F",2,"Adult","ILL-RAD87","TAATAC","3illBC4","CACTNN",NA,"CLEAR","F2","GTATTA","AGTG","S53","ind50TotDepth"
"52","GTATTA_S53_CATC.trim.bt2.bam",53,"WHITE.D2","M",2,"Adult","ILL-RAD87","TAATAC","3illBC5","GATGNN",NA,"WHITE","D2","GTATTA","CATC","S53","ind51TotDepth"
"53","GTATTA_S53_CTAC.trim.bt2.bam",57,"ORANGE.F2","F",2,"Adult","ILL-RAD87","TAATAC","3illBC9","GTAGNN",NA,"ORANGE","F2","GTATTA","CTAC","S53","ind52TotDepth"
"54","GTATTA_S53_GACT.trim.bt2.bam",60,"PINK.B4C","F",1,"Adult","ILL-RAD87","TAATAC","3illBC12","AGTCNN",NA,"PINK","B4C","GTATTA","GACT","S53","ind53TotDepth"
"55","GTATTA_S53_GCTT.trim.bt2.bam",56,"PURPLE.G2","M",2,"Adult","ILL-RAD87","TAATAC","3illBC8","AAGCNN",NA,"PURPLE","G2","GTATTA","GCTT","S53","ind54TotDepth"
"56","GTATTA_S53_GTGA.trim.bt2.bam",54,"GREY.C2","F",2,"Adult","ILL-RAD87","TAATAC","3illBC6","TCACNN",NA,"GREY","C2","GTATTA","GTGA","S53","ind55TotDepth"
"57","GTATTA_S53_GTGT.trim.bt2.bam",49,"TEAL.C2","F",2,"Adult","ILL-RAD87","TAATAC","3illBC1","ACACNN",NA,"TEAL","C2","GTATTA","GTGT","S53","ind56TotDepth"
"58","GTATTA_S53_TCAC.trim.bt2.bam",59,"RED.I4B","F",1,"Adult","ILL-RAD87","TAATAC","3illBC11","GTGANN",NA,"RED","I4B","GTATTA","TCAC","S53","ind57TotDepth"
"59","GTATTA_S53_TCAG.trim.bt2.bam",55,"RED.B2","M",2,"Adult","ILL-RAD87","TAATAC","3illBC7","CTGANN",NA,"RED","B2","GTATTA","TCAG","S53","ind58TotDepth"
"60","GTATTA_S53_TGTC.trim.bt2.bam",58,"PURPLE.I5A","F",1,"Adult","ILL-RAD87","TAATAC","3illBC10","GACANN",NA,"PURPLE","I5A","GTATTA","TGTC","S53","ind59TotDepth"
"61","TACGTG_S54_ACCA.trim.bt2.bam",63,"TAN.C2","F",2,"Adult","ILL-RAD88","CACGTA","3illBC3","TGGTNN",NA,"TAN","C2","TACGTG","ACCA","S54","ind60TotDepth"
"62","TACGTG_S54_AGAC.trim.bt2.bam",62,"WHITE.B2","M",2,"Adult","ILL-RAD88","CACGTA","3illBC2","GTCTNN",NA,"WHITE","B2","TACGTG","AGAC","S54","ind61TotDepth"
"63","TACGTG_S54_AGTG.trim.bt2.bam",64,"BROWN.E2","M",2,"Adult","ILL-RAD88","CACGTA","3illBC4","CACTNN",NA,"BROWN","E2","TACGTG","AGTG","S54","ind62TotDepth"
"64","TACGTG_S54_CATC.trim.bt2.bam",65,"LIGHTBLUE.C2","F",2,"Adult","ILL-RAD88","CACGTA","3illBC5","GATGNN",NA,"LIGHTBLUE","C2","TACGTG","CATC","S54","ind63TotDepth"
"65","TACGTG_S54_CTAC.trim.bt2.bam",69,"PURPLE.E2","M",2,"Adult","ILL-RAD88","CACGTA","3illBC9","GTAGNN",NA,"PURPLE","E2","TACGTG","CTAC","S54","ind64TotDepth"
"66","TACGTG_S54_GACT.trim.bt2.bam",72,"WHITE.B4C","M",1,"Adult","ILL-RAD88","CACGTA","3illBC12","AGTCNN",NA,"WHITE","B4C","TACGTG","GACT","S54","ind65TotDepth"
"67","TACGTG_S54_GCTT.trim.bt2.bam",68,"GREEN.F2","M",2,"Adult","ILL-RAD88","CACGTA","3illBC8","AAGCNN",NA,"GREEN","F2","TACGTG","GCTT","S54","ind66TotDepth"
"68","TACGTG_S54_GTGA.trim.bt2.bam",66,"BROWN.B2","M",2,"Adult","ILL-RAD88","CACGTA","3illBC6","TCACNN",NA,"BROWN","B2","TACGTG","GTGA","S54","ind67TotDepth"
"69","TACGTG_S54_GTGT.trim.bt2.bam",61,"BLACK.C2","M",2,"Adult","ILL-RAD88","CACGTA","3illBC1","ACACNN",NA,"BLACK","C2","TACGTG","GTGT","S54","ind68TotDepth"
"70","TACGTG_S54_TCAC.trim.bt2.bam",71,"PURPLE.I4A","F",1,"Adult","ILL-RAD88","CACGTA","3illBC11","GTGANN",NA,"PURPLE","I4A","TACGTG","TCAC","S54","ind69TotDepth"
"71","TACGTG_S54_TCAG.trim.bt2.bam",67,"GREY.E2","F",2,"Adult","ILL-RAD88","CACGTA","3illBC7","CTGANN",NA,"GREY","E2","TACGTG","TCAG","S54","ind70TotDepth"
"72","TACGTG_S54_TGTC.trim.bt2.bam",70,"BLUE.I4A","F",1,"Adult","ILL-RAD88","CACGTA","3illBC10","GACANN",NA,"BLUE","I4A","TACGTG","TGTC","S54","ind71TotDepth"
"73","TCACAT_S55_ACCA.trim.bt2.bam",75,"RED.C2","M",2,"Adult","ILL-RAD89","ATGTGA","3illBC3","TGGTNN",NA,"RED","C2","TCACAT","ACCA","S55","ind72TotDepth"
"74","TCACAT_S55_AGAC.trim.bt2.bam",74,"CLEAR.E2","F",2,"Adult","ILL-RAD89","ATGTGA","3illBC2","GTCTNN",NA,"CLEAR","E2","TCACAT","AGAC","S55","ind73TotDepth"
"75","TCACAT_S55_AGTG.trim.bt2.bam",76,"BLACK.B2","M",2,"Adult","ILL-RAD89","ATGTGA","3illBC4","CACTNN",NA,"BLACK","B2","TCACAT","AGTG","S55","ind74TotDepth"
"76","TCACAT_S55_CATC.trim.bt2.bam",77,"YELLOW.B2","M",2,"Adult","ILL-RAD89","ATGTGA","3illBC5","GATGNN",NA,"YELLOW","B2","TCACAT","CATC","S55","ind75TotDepth"
"77","TCACAT_S55_CTAC.trim.bt2.bam",81,"GREEN_A.B2","M",2,"Adult","ILL-RAD89","ATGTGA","3illBC9","GTAGNN",NA,"GREEN_A","B2","TCACAT","CTAC","S55","ind76TotDepth"
"78","TCACAT_S55_GACT.trim.bt2.bam",84,"BLUE_A.B5A","F",1,"Adult","ILL-RAD89","ATGTGA","3illBC12","AGTCNN",NA,"BLUE_A","B5A","TCACAT","GACT","S55","ind77TotDepth"
"79","TCACAT_S55_GCTT.trim.bt2.bam",80,"YELLOW_A.E2","M",2,"Adult","ILL-RAD89","ATGTGA","3illBC8","AAGCNN",NA,"YELLOW_A","E2","TCACAT","GCTT","S55","ind78TotDepth"
"80","TCACAT_S55_GTGA.trim.bt2.bam",78,"LIGHTBLUE.E2","F",2,"Adult","ILL-RAD89","ATGTGA","3illBC6","TCACNN",NA,"LIGHTBLUE","E2","TCACAT","GTGA","S55","ind79TotDepth"
"81","TCACAT_S55_GTGT.trim.bt2.bam",73,"PURPLE.B2","M",2,"Adult","ILL-RAD89","ATGTGA","3illBC1","ACACNN",NA,"PURPLE","B2","TCACAT","GTGT","S55","ind80TotDepth"
"82","TCACAT_S55_TCAC.trim.bt2.bam",83,"BLACK_A.I5A","M",1,"Adult","ILL-RAD89","ATGTGA","3illBC11","GTGANN",NA,"BLACK_A","I5A","TCACAT","TCAC","S55","ind81TotDepth"
"83","TCACAT_S55_TCAG.trim.bt2.bam",79,"WHITE.F2","M",2,"Adult","ILL-RAD89","ATGTGA","3illBC7","CTGANN",NA,"WHITE","F2","TCACAT","TCAG","S55","ind82TotDepth"
"84","TCACAT_S55_TGTC.trim.bt2.bam",82,"GREY_A.B5B","M",1,"Adult","ILL-RAD89","ATGTGA","3illBC10","GACANN",NA,"GREY_A","B5B","TCACAT","TGTC","S55","ind83TotDepth"
"85","TCTATA_S56_ACCA.trim.bt2.bam",87,"WHITE.E2","M",2,"Adult","ILL-RAD90","TATAGA","3illBC3","TGGTNN",NA,"WHITE","E2","TCTATA","ACCA","S56","ind84TotDepth"
"86","TCTATA_S56_AGAC.trim.bt2.bam",86,"GREEN.E2","M",2,"Adult","ILL-RAD90","TATAGA","3illBC2","GTCTNN",NA,"GREEN","E2","TCTATA","AGAC","S56","ind85TotDepth"
"87","TCTATA_S56_AGTG.trim.bt2.bam",88,"WHITE.C2","M",2,"Adult","ILL-RAD90","TATAGA","3illBC4","CACTNN",NA,"WHITE","C2","TCTATA","AGTG","S56","ind86TotDepth"
"88","TCTATA_S56_CATC.trim.bt2.bam",89,"BLACK.E2","M",2,"Adult","ILL-RAD90","TATAGA","3illBC5","GATGNN",NA,"BLACK","E2","TCTATA","CATC","S56","ind87TotDepth"
"89","TCTATA_S56_CTAC.trim.bt2.bam",93,"GREEN_B.B2","M",2,"Adult","ILL-RAD90","TATAGA","3illBC9","GTAGNN",NA,"GREEN_B","B2","TCTATA","CTAC","S56","ind88TotDepth"
"90","TCTATA_S56_GACT.trim.bt2.bam",96,"BLUE_B.B5A","F",1,"Adult","ILL-RAD90","TATAGA","3illBC12","AGTCNN",NA,"BLUE_B","B5A","TCTATA","GACT","S56","ind89TotDepth"
"91","TCTATA_S56_GCTT.trim.bt2.bam",92,"YELLOW_B.E2","M",2,"Adult","ILL-RAD90","TATAGA","3illBC8","AAGCNN",NA,"YELLOW_B","E2","TCTATA","GCTT","S56","ind90TotDepth"
"92","TCTATA_S56_GTGA.trim.bt2.bam",90,"BROWN.F2","M",2,"Adult","ILL-RAD90","TATAGA","3illBC6","TCACNN",NA,"BROWN","F2","TCTATA","GTGA","S56","ind91TotDepth"
"93","TCTATA_S56_GTGT.trim.bt2.bam",85,"PINK.E2","F",2,"Adult","ILL-RAD90","TATAGA","3illBC1","ACACNN",NA,"PINK","E2","TCTATA","GTGT","S56","ind92TotDepth"
"94","TCTATA_S56_TCAC.trim.bt2.bam",95,"BLACK_B.I5A","M",1,"Adult","ILL-RAD90","TATAGA","3illBC11","GTGANN",NA,"BLACK_B","I5A","TCTATA","TCAC","S56","ind93TotDepth"
"95","TCTATA_S56_TCAG.trim.bt2.bam",91,"RED.G2","M",2,"Adult","ILL-RAD90","TATAGA","3illBC7","CTGANN",NA,"RED","G2","TCTATA","TCAG","S56","ind94TotDepth"
"96","TCTATA_S56_TGTC.trim.bt2.bam",94,"GREY_B.B5B","M",1,"Adult","ILL-RAD90","TATAGA","3illBC10","GACANN",NA,"GREY_B","B5B","TCTATA","TGTC","S56","ind95TotDepth"
"97","TGCAAA_S57_ACCA.trim.bt2.bam",99,"G2.LIGHTPURPLE.7.10","B",2,"Brood","ILL-RAD91","TTTGCA","3illBC3","TGGTNN","7.10","LIGHTPURPLE","G2","TGCAAA","ACCA","S57","ind96TotDepth"
"98","TGCAAA_S57_AGAC.trim.bt2.bam",98,"C2.GREY.7.26","B",2,"Brood","ILL-RAD91","TTTGCA","3illBC2","GTCTNN","7.26","GREY","C2","TGCAAA","AGAC","S57","ind97TotDepth"
"99","TGCAAA_S57_AGTG.trim.bt2.bam",100,"D2.TEAL.8.24","B",2,"Brood","ILL-RAD91","TTTGCA","3illBC4","CACTNN","8.24","TEAL","D2","TGCAAA","AGTG","S57","ind98TotDepth"
"100","TGCAAA_S57_CATC.trim.bt2.bam",101,"F2.CLEAR.8.17","B",2,"Brood","ILL-RAD91","TTTGCA","3illBC5","GATGNN","8.17","CLEAR","F2","TGCAAA","CATC","S57","ind99TotDepth"
"101","TGCAAA_S57_CTAC.trim.bt2.bam",105,"B5B.BROWN.7.31","B",1,"Brood","ILL-RAD91","TTTGCA","3illBC9","GTAGNN","7.31","BROWN","B5B","TGCAAA","CTAC","S57","ind100TotDepth"
"102","TGCAAA_S57_GACT.trim.bt2.bam",108,"B5B.BROWN.6.7","B",1,"Brood","ILL-RAD91","TTTGCA","3illBC12","AGTCNN","6.7","BROWN","B5B","TGCAAA","GACT","S57","ind101TotDepth"
"103","TGCAAA_S57_GCTT.trim.bt2.bam",104,"I5B.GREEN.7.31","B",1,"Brood","ILL-RAD91","TTTGCA","3illBC8","AAGCNN","7.31","GREEN","I5B","TGCAAA","GCTT","S57","ind102TotDepth"
"104","TGCAAA_S57_GTGA.trim.bt2.bam",102,"C2.TEAL.8.5","B",2,"Brood","ILL-RAD91","TTTGCA","3illBC6","TCACNN","8.5","TEAL","C2","TGCAAA","GTGA","S57","ind103TotDepth"
"105","TGCAAA_S57_GTGT.trim.bt2.bam",97,"E2.GREY.7.27","B",2,"Brood","ILL-RAD91","TTTGCA","3illBC1","ACACNN","7.27","GREY","E2","TGCAAA","GTGT","S57","ind104TotDepth"
"106","TGCAAA_S57_TCAC.trim.bt2.bam",107,"I5A.BLUE.6.7","B",1,"Brood","ILL-RAD91","TTTGCA","3illBC11","GTGANN","6.7","BLUE","I5A","TGCAAA","TCAC","S57","ind105TotDepth"
"107","TGCAAA_S57_TCAG.trim.bt2.bam",103,"G2.TAN.7.27","B",2,"Brood","ILL-RAD91","TTTGCA","3illBC7","CTGANN","7.27","TAN","G2","TGCAAA","TCAG","S57","ind106TotDepth"
"108","TGCAAA_S57_TGTC.trim.bt2.bam",106,"B5A.YELLOW.7.6","B",1,"Brood","ILL-RAD91","TTTGCA","3illBC10","GACANN","7.6","YELLOW","B5A","TGCAAA","TGTC","S57","ind107TotDepth"
"109","TGGCAC_S58_ACCA.trim.bt2.bam",111,"B2.ORANGE.7.10","B",2,"Brood","ILL-RAD92","GTGCCA","3illBC3","TGGTNN","7.10","ORANGE","B2","TGGCAC","ACCA","S58","ind108TotDepth"
"110","TGGCAC_S58_AGAC.trim.bt2.bam",110,"F2.ORANGE.7.26","B",2,"Brood","ILL-RAD92","GTGCCA","3illBC2","GTCTNN","7.26","ORANGE","F2","TGGCAC","AGAC","S58","ind109TotDepth"
"111","TGGCAC_S58_AGTG.trim.bt2.bam",112,"D2.ORANGE.8.24","B",2,"Brood","ILL-RAD92","GTGCCA","3illBC4","CACTNN","8.24","ORANGE","D2","TGGCAC","AGTG","S58","ind110TotDepth"
"112","TGGCAC_S58_CATC.trim.bt2.bam",113,"E2.PINK.8.17","B",2,"Brood","ILL-RAD92","GTGCCA","3illBC5","GATGNN","8.17","PINK","E2","TGGCAC","CATC","S58","ind111TotDepth"
"113","TGGCAC_S58_CTAC.trim.bt2.bam",117,"B5A.BLUE.7.31","B",1,"Brood","ILL-RAD92","GTGCCA","3illBC9","GTAGNN","7.31","BLUE","B5A","TGGCAC","CTAC","S58","ind112TotDepth"
"114","TGGCAC_S58_GACT.trim.bt2.bam",120,"B4C.PINK.6.7","B",1,"Brood","ILL-RAD92","GTGCCA","3illBC12","AGTCNN","6.7","PINK","B4C","TGGCAC","GACT","S58","ind113TotDepth"
"115","TGGCAC_S58_GCTT.trim.bt2.bam",116,"I5B.RED.7.31","B",1,"Brood","ILL-RAD92","GTGCCA","3illBC8","AAGCNN","7.31","RED","I5B","TGGCAC","GCTT","S58","ind114TotDepth"
"116","TGGCAC_S58_GTGA.trim.bt2.bam",114,"C2.CLEAR.8.5","B",2,"Brood","ILL-RAD92","GTGCCA","3illBC6","TCACNN","8.5","CLEAR","C2","TGGCAC","GTGA","S58","ind115TotDepth"
"117","TGGCAC_S58_GTGT.trim.bt2.bam",109,"E2.LIGHTBLUE.7.27","B",2,"Brood","ILL-RAD92","GTGCCA","3illBC1","ACACNN","7.27","LIGHTBLUE","E2","TGGCAC","GTGT","S58","ind116TotDepth"
"118","TGGCAC_S58_TCAC.trim.bt2.bam",119,"I4C.PINK.6.7","B",1,"Brood","ILL-RAD92","GTGCCA","3illBC11","GTGANN","6.7","PINK","I4C","TGGCAC","TCAC","S58","ind117TotDepth"
"119","TGGCAC_S58_TCAG.trim.bt2.bam",115,"G2.TEAL.7.27","B",2,"Brood","ILL-RAD92","GTGCCA","3illBC7","CTGANN","7.27","TEAL","G2","TGGCAC","TCAG","S58","ind118TotDepth"
"120","TGGCAC_S58_TGTC.trim.bt2.bam",118,"I4B.RED.6.19","B",1,"Brood","ILL-RAD92","GTGCCA","3illBC10","GACANN","6.19","RED","I4B","TGGCAC","TGTC","S58","ind119TotDepth"
"121","TGTTAG_S59_ACCA.trim.bt2.bam",123,"D2.LIGHTBLUE.6.23","B",2,"Brood","ILL-RAD93","CTAACA","3illBC3","TGGTNN","6.23","LIGHTBLUE","D2","TGTTAG","ACCA","S59","ind120TotDepth"
"122","TGTTAG_S59_AGAC.trim.bt2.bam",122,"B2.GREY.7.12","B",2,"Brood","ILL-RAD93","CTAACA","3illBC2","GTCTNN","7.12","GREY","B2","TGTTAG","AGAC","S59","ind121TotDepth"
"123","TGTTAG_S59_AGTG.trim.bt2.bam",124,"B2.ORANGE.8.24","B",2,"Brood","ILL-RAD93","CTAACA","3illBC4","CACTNN","8.24","ORANGE","B2","TGTTAG","AGTG","S59","ind122TotDepth"
"124","TGTTAG_S59_CATC.trim.bt2.bam",125,"E2.CLEAR.8.17","B",2,"Brood","ILL-RAD93","CTAACA","3illBC5","GATGNN","8.17","CLEAR","E2","TGTTAG","CATC","S59","ind123TotDepth"
"125","TGTTAG_S59_CTAC.trim.bt2.bam",129,"I4A.YELLOW.7.6_A","B",1,"Brood","ILL-RAD93","CTAACA","3illBC9","GTAGNN","7.6_A","YELLOW","I4A","TGTTAG","CTAC","S59","ind124TotDepth"
"126","TGTTAG_S59_GACT.trim.bt2.bam",132,"I5A.PURPLE.5.27_A","B",1,"Brood","ILL-RAD93","CTAACA","3illBC12","AGTCNN","5.27_A","PURPLE","I5A","TGTTAG","GACT","S59","ind125TotDepth"
"127","TGTTAG_S59_GCTT.trim.bt2.bam",128,"I4B.RED.7.31_A","B",1,"Brood","ILL-RAD93","CTAACA","3illBC8","AAGCNN","7.31_A","RED","I4B","TGTTAG","GCTT","S59","ind126TotDepth"
"128","TGTTAG_S59_GTGA.trim.bt2.bam",126,"C2.LIGHTBLUE.8.5_A","B",2,"Brood","ILL-RAD93","CTAACA","3illBC6","TCACNN","8.5_A","LIGHTBLUE","C2","TGTTAG","GTGA","S59","ind127TotDepth"
"129","TGTTAG_S59_GTGT.trim.bt2.bam",121,"C2.ORANGE.7.26","B",2,"Brood","ILL-RAD93","CTAACA","3illBC1","ACACNN","7.26","ORANGE","C2","TGTTAG","GTGT","S59","ind128TotDepth"
"130","TGTTAG_S59_TCAC.trim.bt2.bam",131,"I4A.BLUE.6.7_A","B",1,"Brood","ILL-RAD93","CTAACA","3illBC11","GTGANN","6.7_A","BLUE","I4A","TGTTAG","TCAC","S59","ind129TotDepth"
"131","TGTTAG_S59_TCAG.trim.bt2.bam",127,"G2.GREY.7.27_A","B",2,"Brood","ILL-RAD93","CTAACA","3illBC7","CTGANN","7.27_A","GREY","G2","TGTTAG","TCAG","S59","ind130TotDepth"
"132","TGTTAG_S59_TGTC.trim.bt2.bam",130,"I4A.PURPLE.6.14_A","B",1,"Brood","ILL-RAD93","CTAACA","3illBC10","GACANN","6.14_A","PURPLE","I4A","TGTTAG","TGTC","S59","ind131TotDepth"
"133","TTCTAT_S60_ACCA.trim.bt2.bam",135,"E2.CLEAR.6.23","B",2,"Brood","ILL-RAD94","ATAGAA","3illBC3","TGGTNN","6.23","CLEAR","E2","TTCTAT","ACCA","S60","ind132TotDepth"
"134","TTCTAT_S60_AGAC.trim.bt2.bam",134,"B2.LIGHTBLUE.7.10","B",2,"Brood","ILL-RAD94","ATAGAA","3illBC2","GTCTNN","7.10","LIGHTBLUE","B2","TTCTAT","AGAC","S60","ind133TotDepth"
"135","TTCTAT_S60_AGTG.trim.bt2.bam",136,"G2.ORANGE.8.23","B",2,"Brood","ILL-RAD94","ATAGAA","3illBC4","CACTNN","8.23","ORANGE","G2","TTCTAT","AGTG","S60","ind134TotDepth"
"136","TTCTAT_S60_CATC.trim.bt2.bam",137,"G2.CLEAR.8.17","B",2,"Brood","ILL-RAD94","ATAGAA","3illBC5","GATGNN","8.17","CLEAR","G2","TTCTAT","CATC","S60","ind135TotDepth"
"137","TTCTAT_S60_CTAC.trim.bt2.bam",141,"I4A.YELLOW.7.6_B","B",1,"Brood","ILL-RAD94","ATAGAA","3illBC9","GTAGNN","7.6_B","YELLOW","I4A","TTCTAT","CTAC","S60","ind136TotDepth"
"138","TTCTAT_S60_GACT.trim.bt2.bam",144,"I5A.PURPLE.5.27_B","B",1,"Brood","ILL-RAD94","ATAGAA","3illBC12","AGTCNN","5.27_B","PURPLE","I5A","TTCTAT","GACT","S60","ind137TotDepth"
"139","TTCTAT_S60_GCTT.trim.bt2.bam",140,"I4B.RED.7.31_B","B",1,"Brood","ILL-RAD94","ATAGAA","3illBC8","AAGCNN","7.31_B","RED","I4B","TTCTAT","GCTT","S60","ind138TotDepth"
"140","TTCTAT_S60_GTGA.trim.bt2.bam",138,"C2.LIGHTBLUE.8.5_B","B",2,"Brood","ILL-RAD94","ATAGAA","3illBC6","TCACNN","8.5_B","LIGHTBLUE","C2","TTCTAT","GTGA","S60","ind139TotDepth"
"141","TTCTAT_S60_GTGT.trim.bt2.bam",133,"C2.TAN.7.26","B",2,"Brood","ILL-RAD94","ATAGAA","3illBC1","ACACNN","7.26","TAN","C2","TTCTAT","GTGT","S60","ind140TotDepth"
"142","TTCTAT_S60_TCAC.trim.bt2.bam",143,"I4A.BLUE.6.7_B","B",1,"Brood","ILL-RAD94","ATAGAA","3illBC11","GTGANN","6.7_B","BLUE","I4A","TTCTAT","TCAC","S60","ind141TotDepth"
"143","TTCTAT_S60_TCAG.trim.bt2.bam",139,"G2.GREY.7.27_B","B",2,"Brood","ILL-RAD94","ATAGAA","3illBC7","CTGANN","7.27_B","GREY","G2","TTCTAT","TCAG","S60","ind142TotDepth"
"144","TTCTAT_S60_TGTC.trim.bt2.bam",142,"I4A.PURPLE.6.14_B","B",1,"Brood","ILL-RAD94","ATAGAA","3illBC10","GACANN","6.14_B","PURPLE","I4A","TTCTAT","TGTC","S60","ind143TotDepth"
